{"count":1,"self":44.366636799999995,"total":1001.6259196999999,"children":{"InitializeActuators":{"count":100,"self":0.0039994,"total":0.0039994,"children":null},"InitializeSensors":{"count":100,"self":0.0030011,"total":0.0030011,"children":null},"AgentSendState":{"count":51051,"self":2.7534628,"total":17.496484499999998,"children":{"CollectObservations":{"count":1021100,"self":3.4828072,"total":3.4828069999999998,"children":null},"WriteActionMask":{"count":1021100,"self":0.3357074,"total":0.3357074,"children":null},"RequestDecision":{"count":1021100,"self":2.6633538,"total":10.9245073,"children":{"AgentInfo.ToProto":{"count":1021100,"self":2.5856196,"total":8.2611534999999989,"children":{"GenerateSensorData":{"count":1021100,"self":5.675534,"total":5.675534,"children":null}}}}}}},"DecideAction":{"count":51051,"self":902.8702208,"total":902.8702184,"children":null},"AgentAct":{"count":51051,"self":36.7744928,"total":36.8845823,"children":{"AgentInfo.ToProto":{"count":5616,"self":0.0440316,"total":0.11008799999999999,"children":{"GenerateSensorData":{"count":5616,"self":0.0660564,"total":0.0660564,"children":null}}}}}},"gauges":{"Manipulator.CumulativeReward":{"count":5616,"max":2.71340346,"min":-49.9976158,"runningAverage":-7.612325,"value":-49.9976158,"weightedAverage":-14.4883776}},"metadata":{"timer_format_version":"0.1.0","start_time_seconds":"1702083990","unity_version":"2022.3.10f1","command_line_arguments":"D:\\Unity\\Hub\\Editor\\2022.3.10f1\\Editor\\Unity.exe -projectpath D:\\AI_RL_Lab_01-main -useHub -hubIPC -cloudEnvironment production","communication_protocol_version":"1.5.0","com.unity.ml-agents_version":"3.0.0-exp.1","scene_name":"test2","end_time_seconds":"1702084991"}}