{"count":1,"self":13.4955216,"total":534.4590096,"children":{"InitializeActuators":{"count":70,"self":0.0039955,"total":0.0039955,"children":null},"InitializeSensors":{"count":70,"self":0.0019951,"total":0.0019951,"children":null},"AgentSendState":{"count":11484,"self":0.47564439999999997,"total":2.7740071,"children":{"CollectObservations":{"count":160790,"self":0.6484942,"total":0.6484942,"children":null},"WriteActionMask":{"count":160790,"self":0.054023299999999996,"total":0.054023299999999996,"children":null},"RequestDecision":{"count":160790,"self":0.3982792,"total":1.5958451999999999,"children":{"AgentInfo.ToProto":{"count":160790,"self":0.3632413,"total":1.197566,"children":{"GenerateSensorData":{"count":160790,"self":0.83432469999999992,"total":0.83432469999999992,"children":null}}}}}}},"DecideAction":{"count":11484,"self":506.9221376,"total":506.9221301,"children":null},"AgentAct":{"count":11484,"self":10.146069599999999,"total":11.260359099999999,"children":{"AgentInfo.ToProto":{"count":138190,"self":0.3456431,"total":1.1142895,"children":{"GenerateSensorData":{"count":138190,"self":0.7686464,"total":0.7686464,"children":null}}}}}},"gauges":{"Manipulator.CumulativeReward":{"count":138190,"max":3.18142486,"min":-1116.41846,"runningAverage":-5.05667448,"value":-5,"weightedAverage":-4.999999}},"metadata":{"timer_format_version":"0.1.0","start_time_seconds":"1702040617","unity_version":"2022.3.10f1","command_line_arguments":"D:\\Unity\\Hub\\Editor\\2022.3.10f1\\Editor\\Unity.exe -projectpath D:\\AI_RL_Lab_01-main -useHub -hubIPC -cloudEnvironment production","communication_protocol_version":"1.5.0","com.unity.ml-agents_version":"3.0.0-exp.1","scene_name":"test1","end_time_seconds":"1702041151"}}